Panel,Data_Type,Panel_Description,Model,Model_Display,CV_Strategy,CV_Display,Time_Scale_Raw,Time_Scale_Display,Time_Order,Feature_Raw,Feature,Feature_Order,Metric_Name,Metric_Value,Val_R2_Mean,Base_R2,Feat_R2,Delta_R2_Percent,Temporal_Contribution_Percent,Spatial_Contribution_Percent,Radar_Value_Percent,Notes
b,validation_r2_distribution,"Validation R2 distributions by model, validation strategy and aggregation scale.",LGBM,LightGBM,Spatial_CV,Spatial Generalization,1hour,1h,1.0,Baseline+Buffer,Buffer,1,Val_R2_Mean,0.634303139850382,0.634303139850382,,,,,,,Panel b uses all feature-combination validation R2 values from the overall metrics workbook.
b,validation_r2_distribution,"Validation R2 distributions by model, validation strategy and aggregation scale.",RF,Random Forest,Spatial_CV,Spatial Generalization,1hour,1h,1.0,Baseline+Buffer,Buffer,1,Val_R2_Mean,0.646742099020077,0.646742099020077,,,,,,,Panel b uses all feature-combination validation R2 values from the overall metrics workbook.
b,validation_r2_distribution,"Validation R2 distributions by model, validation strategy and aggregation scale.",LGBM,LightGBM,Spatial_CV,Spatial Generalization,1hour,1h,1.0,Baseline+Aggregated,Aggregated,2,Val_R2_Mean,0.573845650471733,0.573845650471733,,,,,,,Panel b uses all feature-combination validation R2 values from the overall metrics workbook.
b,validation_r2_distribution,"Validation R2 distributions by model, validation strategy and aggregation scale.",RF,Random Forest,Spatial_CV,Spatial Generalization,1hour,1h,1.0,Baseline+Aggregated,Aggregated,2,Val_R2_Mean,0.620533809192004,0.620533809192004,,,,,,,Panel b uses all feature-combination validation R2 values from the overall metrics workbook.
b,validation_r2_distribution,"Validation R2 distributions by model, validation strategy and aggregation scale.",LGBM,LightGBM,Spatial_CV,Spatial Generalization,1hour,1h,1.0,Baseline+Emission,Emission,3,Val_R2_Mean,0.624486361308158,0.624486361308158,,,,,,,Panel b uses all feature-combination validation R2 values from the overall metrics workbook.
b,validation_r2_distribution,"Validation R2 distributions by model, validation strategy and aggregation scale.",RF,Random Forest,Spatial_CV,Spatial Generalization,1hour,1h,1.0,Baseline+Emission,Emission,3,Val_R2_Mean,0.669595534386118,0.669595534386118,,,,,,,Panel b uses all feature-combination validation R2 values from the overall metrics workbook.
b,validation_r2_distribution,"Validation R2 distributions by model, validation strategy and aggregation scale.",LGBM,LightGBM,Spatial_CV,Spatial Generalization,1hour,1h,1.0,Baseline+Temp,Temporal,4,Val_R2_Mean,0.536024327041996,0.536024327041996,,,,,,,Panel b uses all feature-combination validation R2 values from the overall metrics workbook.
b,validation_r2_distribution,"Validation R2 distributions by model, validation strategy and aggregation scale.",RF,Random Forest,Spatial_CV,Spatial Generalization,1hour,1h,1.0,Baseline+Temp,Temporal,4,Val_R2_Mean,0.61119853699165,0.61119853699165,,,,,,,Panel b uses all feature-combination validation R2 values from the overall metrics workbook.
b,validation_r2_distribution,"Validation R2 distributions by model, validation strategy and aggregation scale.",LGBM,LightGBM,Spatial_CV,Spatial Generalization,1hour,1h,1.0,Baseline+Topo,Topology,5,Val_R2_Mean,0.568260682495554,0.568260682495554,,,,,,,Panel b uses all feature-combination validation R2 values from the overall metrics workbook.
b,validation_r2_distribution,"Validation R2 distributions by model, validation strategy and aggregation scale.",RF,Random Forest,Spatial_CV,Spatial Generalization,1hour,1h,1.0,Baseline+Topo,Topology,5,Val_R2_Mean,0.621643482134189,0.621643482134189,,,,,,,Panel b uses all feature-combination validation R2 values from the overall metrics workbook.
b,validation_r2_distribution,"Validation R2 distributions by model, validation strategy and aggregation scale.",LGBM,LightGBM,Spatial_CV,Spatial Generalization,1hour,1h,1.0,Baseline+UCP,UCP,6,Val_R2_Mean,0.548515017787092,0.548515017787092,,,,,,,Panel b uses all feature-combination validation R2 values from the overall metrics workbook.
b,validation_r2_distribution,"Validation R2 distributions by model, validation strategy and aggregation scale.",RF,Random Forest,Spatial_CV,Spatial Generalization,1hour,1h,1.0,Baseline+UCP,UCP,6,Val_R2_Mean,0.567836305920857,0.567836305920857,,,,,,,Panel b uses all feature-combination validation R2 values from the overall metrics workbook.
b,validation_r2_distribution,"Validation R2 distributions by model, validation strategy and aggregation scale.",LGBM,LightGBM,Spatial_CV,Spatial Generalization,1hour,1h,1.0,Baseline+Landuse,Land Use,7,Val_R2_Mean,0.523306076945378,0.523306076945378,,,,,,,Panel b uses all feature-combination validation R2 values from the overall metrics workbook.
b,validation_r2_distribution,"Validation R2 distributions by model, validation strategy and aggregation scale.",RF,Random Forest,Spatial_CV,Spatial Generalization,1hour,1h,1.0,Baseline+Landuse,Land Use,7,Val_R2_Mean,0.539855356013001,0.539855356013001,,,,,,,Panel b uses all feature-combination validation R2 values from the overall metrics workbook.
b,validation_r2_distribution,"Validation R2 distributions by model, validation strategy and aggregation scale.",LGBM,LightGBM,Spatial_CV,Spatial Generalization,1hour,1h,1.0,Baseline+POI,POI,8,Val_R2_Mean,0.523230102869362,0.523230102869362,,,,,,,Panel b uses all feature-combination validation R2 values from the overall metrics workbook.
b,validation_r2_distribution,"Validation R2 distributions by model, validation strategy and aggregation scale.",RF,Random Forest,Spatial_CV,Spatial Generalization,1hour,1h,1.0,Baseline+POI,POI,8,Val_R2_Mean,0.599904352194576,0.599904352194576,,,,,,,Panel b uses all feature-combination validation R2 values from the overall metrics workbook.
b,validation_r2_distribution,"Validation R2 distributions by model, validation strategy and aggregation scale.",LGBM,LightGBM,Spatial_CV,Spatial Generalization,1hour,1h,1.0,Baseline+Meteorology,Baseline,999,Val_R2_Mean,0.587487026652078,0.587487026652078,,,,,,,Panel b uses all feature-combination validation R2 values from the overall metrics workbook.
b,validation_r2_distribution,"Validation R2 distributions by model, validation strategy and aggregation scale.",RF,Random Forest,Spatial_CV,Spatial Generalization,1hour,1h,1.0,Baseline+Meteorology,Baseline,999,Val_R2_Mean,0.584090243569223,0.584090243569223,,,,,,,Panel b uses all feature-combination validation R2 values from the overall metrics workbook.
b,validation_r2_distribution,"Validation R2 distributions by model, validation strategy and aggregation scale.",LGBM,LightGBM,Spatial_CV,Spatial Generalization,24hour,24h,2.0,Baseline+Buffer,Buffer,1,Val_R2_Mean,0.663433367655586,0.663433367655586,,,,,,,Panel b uses all feature-combination validation R2 values from the overall metrics workbook.
b,validation_r2_distribution,"Validation R2 distributions by model, validation strategy and aggregation scale.",RF,Random Forest,Spatial_CV,Spatial Generalization,24hour,24h,2.0,Baseline+Buffer,Buffer,1,Val_R2_Mean,0.707586392215089,0.707586392215089,,,,,,,Panel b uses all feature-combination validation R2 values from the overall metrics workbook.
b,validation_r2_distribution,"Validation R2 distributions by model, validation strategy and aggregation scale.",LGBM,LightGBM,Spatial_CV,Spatial Generalization,24hour,24h,2.0,Baseline+Aggregated,Aggregated,2,Val_R2_Mean,0.601557616429431,0.601557616429431,,,,,,,Panel b uses all feature-combination validation R2 values from the overall metrics workbook.
b,validation_r2_distribution,"Validation R2 distributions by model, validation strategy and aggregation scale.",RF,Random Forest,Spatial_CV,Spatial Generalization,24hour,24h,2.0,Baseline+Aggregated,Aggregated,2,Val_R2_Mean,0.671653632294827,0.671653632294827,,,,,,,Panel b uses all feature-combination validation R2 values from the overall metrics workbook.
b,validation_r2_distribution,"Validation R2 distributions by model, validation strategy and aggregation scale.",LGBM,LightGBM,Spatial_CV,Spatial Generalization,24hour,24h,2.0,Baseline+Emission,Emission,3,Val_R2_Mean,0.694813186170701,0.694813186170701,,,,,,,Panel b uses all feature-combination validation R2 values from the overall metrics workbook.
b,validation_r2_distribution,"Validation R2 distributions by model, validation strategy and aggregation scale.",RF,Random Forest,Spatial_CV,Spatial Generalization,24hour,24h,2.0,Baseline+Emission,Emission,3,Val_R2_Mean,0.731518430600015,0.731518430600015,,,,,,,Panel b uses all feature-combination validation R2 values from the overall metrics workbook.
b,validation_r2_distribution,"Validation R2 distributions by model, validation strategy and aggregation scale.",LGBM,LightGBM,Spatial_CV,Spatial Generalization,24hour,24h,2.0,Baseline+Temp,Temporal,4,Val_R2_Mean,0.618834278110241,0.618834278110241,,,,,,,Panel b uses all feature-combination validation R2 values from the overall metrics workbook.
b,validation_r2_distribution,"Validation R2 distributions by model, validation strategy and aggregation scale.",RF,Random Forest,Spatial_CV,Spatial Generalization,24hour,24h,2.0,Baseline+Temp,Temporal,4,Val_R2_Mean,0.629825391216275,0.629825391216275,,,,,,,Panel b uses all feature-combination validation R2 values from the overall metrics workbook.
b,validation_r2_distribution,"Validation R2 distributions by model, validation strategy and aggregation scale.",LGBM,LightGBM,Spatial_CV,Spatial Generalization,24hour,24h,2.0,Baseline+Topo,Topology,5,Val_R2_Mean,0.598631020040288,0.598631020040288,,,,,,,Panel b uses all feature-combination validation R2 values from the overall metrics workbook.
b,validation_r2_distribution,"Validation R2 distributions by model, validation strategy and aggregation scale.",RF,Random Forest,Spatial_CV,Spatial Generalization,24hour,24h,2.0,Baseline+Topo,Topology,5,Val_R2_Mean,0.630745481903204,0.630745481903204,,,,,,,Panel b uses all feature-combination validation R2 values from the overall metrics workbook.
b,validation_r2_distribution,"Validation R2 distributions by model, validation strategy and aggregation scale.",LGBM,LightGBM,Spatial_CV,Spatial Generalization,24hour,24h,2.0,Baseline+UCP,UCP,6,Val_R2_Mean,0.568992376307823,0.568992376307823,,,,,,,Panel b uses all feature-combination validation R2 values from the overall metrics workbook.
b,validation_r2_distribution,"Validation R2 distributions by model, validation strategy and aggregation scale.",RF,Random Forest,Spatial_CV,Spatial Generalization,24hour,24h,2.0,Baseline+UCP,UCP,6,Val_R2_Mean,0.604966397220388,0.604966397220388,,,,,,,Panel b uses all feature-combination validation R2 values from the overall metrics workbook.
b,validation_r2_distribution,"Validation R2 distributions by model, validation strategy and aggregation scale.",LGBM,LightGBM,Spatial_CV,Spatial Generalization,24hour,24h,2.0,Baseline+Landuse,Land Use,7,Val_R2_Mean,0.588997698935927,0.588997698935927,,,,,,,Panel b uses all feature-combination validation R2 values from the overall metrics workbook.
b,validation_r2_distribution,"Validation R2 distributions by model, validation strategy and aggregation scale.",RF,Random Forest,Spatial_CV,Spatial Generalization,24hour,24h,2.0,Baseline+Landuse,Land Use,7,Val_R2_Mean,0.600741128514769,0.600741128514769,,,,,,,Panel b uses all feature-combination validation R2 values from the overall metrics workbook.
b,validation_r2_distribution,"Validation R2 distributions by model, validation strategy and aggregation scale.",LGBM,LightGBM,Spatial_CV,Spatial Generalization,24hour,24h,2.0,Baseline+POI,POI,8,Val_R2_Mean,0.543604224914985,0.543604224914985,,,,,,,Panel b uses all feature-combination validation R2 values from the overall metrics workbook.
b,validation_r2_distribution,"Validation R2 distributions by model, validation strategy and aggregation scale.",RF,Random Forest,Spatial_CV,Spatial Generalization,24hour,24h,2.0,Baseline+POI,POI,8,Val_R2_Mean,0.649345613590797,0.649345613590797,,,,,,,Panel b uses all feature-combination validation R2 values from the overall metrics workbook.
b,validation_r2_distribution,"Validation R2 distributions by model, validation strategy and aggregation scale.",LGBM,LightGBM,Spatial_CV,Spatial Generalization,24hour,24h,2.0,Baseline+Meteorology,Baseline,999,Val_R2_Mean,0.622076484387867,0.622076484387867,,,,,,,Panel b uses all feature-combination validation R2 values from the overall metrics workbook.
b,validation_r2_distribution,"Validation R2 distributions by model, validation strategy and aggregation scale.",RF,Random Forest,Spatial_CV,Spatial Generalization,24hour,24h,2.0,Baseline+Meteorology,Baseline,999,Val_R2_Mean,0.628579937458505,0.628579937458505,,,,,,,Panel b uses all feature-combination validation R2 values from the overall metrics workbook.
b,validation_r2_distribution,"Validation R2 distributions by model, validation strategy and aggregation scale.",LGBM,LightGBM,Spatial_CV,Spatial Generalization,7day,7d,3.0,Baseline+Buffer,Buffer,1,Val_R2_Mean,0.708958899090775,0.708958899090775,,,,,,,Panel b uses all feature-combination validation R2 values from the overall metrics workbook.
b,validation_r2_distribution,"Validation R2 distributions by model, validation strategy and aggregation scale.",RF,Random Forest,Spatial_CV,Spatial Generalization,7day,7d,3.0,Baseline+Buffer,Buffer,1,Val_R2_Mean,0.705887677992411,0.705887677992411,,,,,,,Panel b uses all feature-combination validation R2 values from the overall metrics workbook.
b,validation_r2_distribution,"Validation R2 distributions by model, validation strategy and aggregation scale.",LGBM,LightGBM,Spatial_CV,Spatial Generalization,7day,7d,3.0,Baseline+Aggregated,Aggregated,2,Val_R2_Mean,0.672914617044757,0.672914617044757,,,,,,,Panel b uses all feature-combination validation R2 values from the overall metrics workbook.
b,validation_r2_distribution,"Validation R2 distributions by model, validation strategy and aggregation scale.",RF,Random Forest,Spatial_CV,Spatial Generalization,7day,7d,3.0,Baseline+Aggregated,Aggregated,2,Val_R2_Mean,0.709364259601501,0.709364259601501,,,,,,,Panel b uses all feature-combination validation R2 values from the overall metrics workbook.
b,validation_r2_distribution,"Validation R2 distributions by model, validation strategy and aggregation scale.",LGBM,LightGBM,Spatial_CV,Spatial Generalization,7day,7d,3.0,Baseline+Emission,Emission,3,Val_R2_Mean,0.719936734863063,0.719936734863063,,,,,,,Panel b uses all feature-combination validation R2 values from the overall metrics workbook.
b,validation_r2_distribution,"Validation R2 distributions by model, validation strategy and aggregation scale.",RF,Random Forest,Spatial_CV,Spatial Generalization,7day,7d,3.0,Baseline+Emission,Emission,3,Val_R2_Mean,0.736960865300018,0.736960865300018,,,,,,,Panel b uses all feature-combination validation R2 values from the overall metrics workbook.
b,validation_r2_distribution,"Validation R2 distributions by model, validation strategy and aggregation scale.",LGBM,LightGBM,Spatial_CV,Spatial Generalization,7day,7d,3.0,Baseline+Temp,Temporal,4,Val_R2_Mean,0.628257687506846,0.628257687506846,,,,,,,Panel b uses all feature-combination validation R2 values from the overall metrics workbook.
b,validation_r2_distribution,"Validation R2 distributions by model, validation strategy and aggregation scale.",RF,Random Forest,Spatial_CV,Spatial Generalization,7day,7d,3.0,Baseline+Temp,Temporal,4,Val_R2_Mean,0.602316992098969,0.602316992098969,,,,,,,Panel b uses all feature-combination validation R2 values from the overall metrics workbook.
b,validation_r2_distribution,"Validation R2 distributions by model, validation strategy and aggregation scale.",LGBM,LightGBM,Spatial_CV,Spatial Generalization,7day,7d,3.0,Baseline+Topo,Topology,5,Val_R2_Mean,0.586545271189639,0.586545271189639,,,,,,,Panel b uses all feature-combination validation R2 values from the overall metrics workbook.
b,validation_r2_distribution,"Validation R2 distributions by model, validation strategy and aggregation scale.",RF,Random Forest,Spatial_CV,Spatial Generalization,7day,7d,3.0,Baseline+Topo,Topology,5,Val_R2_Mean,0.637587634313011,0.637587634313011,,,,,,,Panel b uses all feature-combination validation R2 values from the overall metrics workbook.
b,validation_r2_distribution,"Validation R2 distributions by model, validation strategy and aggregation scale.",LGBM,LightGBM,Spatial_CV,Spatial Generalization,7day,7d,3.0,Baseline+UCP,UCP,6,Val_R2_Mean,0.579189826520942,0.579189826520942,,,,,,,Panel b uses all feature-combination validation R2 values from the overall metrics workbook.
b,validation_r2_distribution,"Validation R2 distributions by model, validation strategy and aggregation scale.",RF,Random Forest,Spatial_CV,Spatial Generalization,7day,7d,3.0,Baseline+UCP,UCP,6,Val_R2_Mean,0.585216216007916,0.585216216007916,,,,,,,Panel b uses all feature-combination validation R2 values from the overall metrics workbook.
b,validation_r2_distribution,"Validation R2 distributions by model, validation strategy and aggregation scale.",LGBM,LightGBM,Spatial_CV,Spatial Generalization,7day,7d,3.0,Baseline+Landuse,Land Use,7,Val_R2_Mean,0.488461480969355,0.488461480969355,,,,,,,Panel b uses all feature-combination validation R2 values from the overall metrics workbook.
b,validation_r2_distribution,"Validation R2 distributions by model, validation strategy and aggregation scale.",RF,Random Forest,Spatial_CV,Spatial Generalization,7day,7d,3.0,Baseline+Landuse,Land Use,7,Val_R2_Mean,0.607984619222319,0.607984619222319,,,,,,,Panel b uses all feature-combination validation R2 values from the overall metrics workbook.
b,validation_r2_distribution,"Validation R2 distributions by model, validation strategy and aggregation scale.",LGBM,LightGBM,Spatial_CV,Spatial Generalization,7day,7d,3.0,Baseline+POI,POI,8,Val_R2_Mean,0.519052941733614,0.519052941733614,,,,,,,Panel b uses all feature-combination validation R2 values from the overall metrics workbook.
b,validation_r2_distribution,"Validation R2 distributions by model, validation strategy and aggregation scale.",RF,Random Forest,Spatial_CV,Spatial Generalization,7day,7d,3.0,Baseline+POI,POI,8,Val_R2_Mean,0.621859223344417,0.621859223344417,,,,,,,Panel b uses all feature-combination validation R2 values from the overall metrics workbook.
b,validation_r2_distribution,"Validation R2 distributions by model, validation strategy and aggregation scale.",LGBM,LightGBM,Spatial_CV,Spatial Generalization,7day,7d,3.0,Baseline+Meteorology,Baseline,999,Val_R2_Mean,0.628428860242557,0.628428860242557,,,,,,,Panel b uses all feature-combination validation R2 values from the overall metrics workbook.
b,validation_r2_distribution,"Validation R2 distributions by model, validation strategy and aggregation scale.",RF,Random Forest,Spatial_CV,Spatial Generalization,7day,7d,3.0,Baseline+Meteorology,Baseline,999,Val_R2_Mean,0.613012163571905,0.613012163571905,,,,,,,Panel b uses all feature-combination validation R2 values from the overall metrics workbook.
b,validation_r2_distribution,"Validation R2 distributions by model, validation strategy and aggregation scale.",LGBM,LightGBM,Spatial_CV,Spatial Generalization,31day,31d,4.0,Baseline+Buffer,Buffer,1,Val_R2_Mean,0.637956527909188,0.637956527909188,,,,,,,Panel b uses all feature-combination validation R2 values from the overall metrics workbook.
b,validation_r2_distribution,"Validation R2 distributions by model, validation strategy and aggregation scale.",RF,Random Forest,Spatial_CV,Spatial Generalization,31day,31d,4.0,Baseline+Buffer,Buffer,1,Val_R2_Mean,0.701421978295169,0.701421978295169,,,,,,,Panel b uses all feature-combination validation R2 values from the overall metrics workbook.
b,validation_r2_distribution,"Validation R2 distributions by model, validation strategy and aggregation scale.",LGBM,LightGBM,Spatial_CV,Spatial Generalization,31day,31d,4.0,Baseline+Aggregated,Aggregated,2,Val_R2_Mean,0.635394021137523,0.635394021137523,,,,,,,Panel b uses all feature-combination validation R2 values from the overall metrics workbook.
b,validation_r2_distribution,"Validation R2 distributions by model, validation strategy and aggregation scale.",RF,Random Forest,Spatial_CV,Spatial Generalization,31day,31d,4.0,Baseline+Aggregated,Aggregated,2,Val_R2_Mean,0.710209876696655,0.710209876696655,,,,,,,Panel b uses all feature-combination validation R2 values from the overall metrics workbook.
b,validation_r2_distribution,"Validation R2 distributions by model, validation strategy and aggregation scale.",LGBM,LightGBM,Spatial_CV,Spatial Generalization,31day,31d,4.0,Baseline+Emission,Emission,3,Val_R2_Mean,0.664587944171106,0.664587944171106,,,,,,,Panel b uses all feature-combination validation R2 values from the overall metrics workbook.
b,validation_r2_distribution,"Validation R2 distributions by model, validation strategy and aggregation scale.",RF,Random Forest,Spatial_CV,Spatial Generalization,31day,31d,4.0,Baseline+Emission,Emission,3,Val_R2_Mean,0.714529928188928,0.714529928188928,,,,,,,Panel b uses all feature-combination validation R2 values from the overall metrics workbook.
b,validation_r2_distribution,"Validation R2 distributions by model, validation strategy and aggregation scale.",LGBM,LightGBM,Spatial_CV,Spatial Generalization,31day,31d,4.0,Baseline+Temp,Temporal,4,Val_R2_Mean,0.601098432998801,0.601098432998801,,,,,,,Panel b uses all feature-combination validation R2 values from the overall metrics workbook.
b,validation_r2_distribution,"Validation R2 distributions by model, validation strategy and aggregation scale.",RF,Random Forest,Spatial_CV,Spatial Generalization,31day,31d,4.0,Baseline+Temp,Temporal,4,Val_R2_Mean,0.575625173401719,0.575625173401719,,,,,,,Panel b uses all feature-combination validation R2 values from the overall metrics workbook.
b,validation_r2_distribution,"Validation R2 distributions by model, validation strategy and aggregation scale.",LGBM,LightGBM,Spatial_CV,Spatial Generalization,31day,31d,4.0,Baseline+Topo,Topology,5,Val_R2_Mean,0.406141990926806,0.406141990926806,,,,,,,Panel b uses all feature-combination validation R2 values from the overall metrics workbook.
b,validation_r2_distribution,"Validation R2 distributions by model, validation strategy and aggregation scale.",RF,Random Forest,Spatial_CV,Spatial Generalization,31day,31d,4.0,Baseline+Topo,Topology,5,Val_R2_Mean,0.595174967712114,0.595174967712114,,,,,,,Panel b uses all feature-combination validation R2 values from the overall metrics workbook.
b,validation_r2_distribution,"Validation R2 distributions by model, validation strategy and aggregation scale.",LGBM,LightGBM,Spatial_CV,Spatial Generalization,31day,31d,4.0,Baseline+UCP,UCP,6,Val_R2_Mean,0.554781077067528,0.554781077067528,,,,,,,Panel b uses all feature-combination validation R2 values from the overall metrics workbook.
b,validation_r2_distribution,"Validation R2 distributions by model, validation strategy and aggregation scale.",RF,Random Forest,Spatial_CV,Spatial Generalization,31day,31d,4.0,Baseline+UCP,UCP,6,Val_R2_Mean,0.564859635406659,0.564859635406659,,,,,,,Panel b uses all feature-combination validation R2 values from the overall metrics workbook.
b,validation_r2_distribution,"Validation R2 distributions by model, validation strategy and aggregation scale.",LGBM,LightGBM,Spatial_CV,Spatial Generalization,31day,31d,4.0,Baseline+Landuse,Land Use,7,Val_R2_Mean,0.422899444489826,0.422899444489826,,,,,,,Panel b uses all feature-combination validation R2 values from the overall metrics workbook.
b,validation_r2_distribution,"Validation R2 distributions by model, validation strategy and aggregation scale.",RF,Random Forest,Spatial_CV,Spatial Generalization,31day,31d,4.0,Baseline+Landuse,Land Use,7,Val_R2_Mean,0.576339635769839,0.576339635769839,,,,,,,Panel b uses all feature-combination validation R2 values from the overall metrics workbook.
b,validation_r2_distribution,"Validation R2 distributions by model, validation strategy and aggregation scale.",LGBM,LightGBM,Spatial_CV,Spatial Generalization,31day,31d,4.0,Baseline+POI,POI,8,Val_R2_Mean,0.465983798555992,0.465983798555992,,,,,,,Panel b uses all feature-combination validation R2 values from the overall metrics workbook.
b,validation_r2_distribution,"Validation R2 distributions by model, validation strategy and aggregation scale.",RF,Random Forest,Spatial_CV,Spatial Generalization,31day,31d,4.0,Baseline+POI,POI,8,Val_R2_Mean,0.527043061453739,0.527043061453739,,,,,,,Panel b uses all feature-combination validation R2 values from the overall metrics workbook.
b,validation_r2_distribution,"Validation R2 distributions by model, validation strategy and aggregation scale.",LGBM,LightGBM,Spatial_CV,Spatial Generalization,31day,31d,4.0,Baseline+Meteorology,Baseline,999,Val_R2_Mean,0.605974158873733,0.605974158873733,,,,,,,Panel b uses all feature-combination validation R2 values from the overall metrics workbook.
b,validation_r2_distribution,"Validation R2 distributions by model, validation strategy and aggregation scale.",RF,Random Forest,Spatial_CV,Spatial Generalization,31day,31d,4.0,Baseline+Meteorology,Baseline,999,Val_R2_Mean,0.589943134074972,0.589943134074972,,,,,,,Panel b uses all feature-combination validation R2 values from the overall metrics workbook.
b,validation_r2_distribution,"Validation R2 distributions by model, validation strategy and aggregation scale.",LGBM,LightGBM,Temporal_CV,Temporal Generalization,1hour,1h,1.0,Baseline+Buffer,Buffer,1,Val_R2_Mean,0.498165849615105,0.498165849615105,,,,,,,Panel b uses all feature-combination validation R2 values from the overall metrics workbook.
b,validation_r2_distribution,"Validation R2 distributions by model, validation strategy and aggregation scale.",RF,Random Forest,Temporal_CV,Temporal Generalization,1hour,1h,1.0,Baseline+Buffer,Buffer,1,Val_R2_Mean,0.47445737057612,0.47445737057612,,,,,,,Panel b uses all feature-combination validation R2 values from the overall metrics workbook.
b,validation_r2_distribution,"Validation R2 distributions by model, validation strategy and aggregation scale.",LGBM,LightGBM,Temporal_CV,Temporal Generalization,1hour,1h,1.0,Baseline+Aggregated,Aggregated,2,Val_R2_Mean,0.508218666796603,0.508218666796603,,,,,,,Panel b uses all feature-combination validation R2 values from the overall metrics workbook.
b,validation_r2_distribution,"Validation R2 distributions by model, validation strategy and aggregation scale.",RF,Random Forest,Temporal_CV,Temporal Generalization,1hour,1h,1.0,Baseline+Aggregated,Aggregated,2,Val_R2_Mean,0.456552109170235,0.456552109170235,,,,,,,Panel b uses all feature-combination validation R2 values from the overall metrics workbook.
b,validation_r2_distribution,"Validation R2 distributions by model, validation strategy and aggregation scale.",LGBM,LightGBM,Temporal_CV,Temporal Generalization,1hour,1h,1.0,Baseline+Emission,Emission,3,Val_R2_Mean,0.454028693328131,0.454028693328131,,,,,,,Panel b uses all feature-combination validation R2 values from the overall metrics workbook.
b,validation_r2_distribution,"Validation R2 distributions by model, validation strategy and aggregation scale.",RF,Random Forest,Temporal_CV,Temporal Generalization,1hour,1h,1.0,Baseline+Emission,Emission,3,Val_R2_Mean,0.433837958312771,0.433837958312771,,,,,,,Panel b uses all feature-combination validation R2 values from the overall metrics workbook.
b,validation_r2_distribution,"Validation R2 distributions by model, validation strategy and aggregation scale.",LGBM,LightGBM,Temporal_CV,Temporal Generalization,1hour,1h,1.0,Baseline+Temp,Temporal,4,Val_R2_Mean,0.475001057606483,0.475001057606483,,,,,,,Panel b uses all feature-combination validation R2 values from the overall metrics workbook.
b,validation_r2_distribution,"Validation R2 distributions by model, validation strategy and aggregation scale.",RF,Random Forest,Temporal_CV,Temporal Generalization,1hour,1h,1.0,Baseline+Temp,Temporal,4,Val_R2_Mean,0.427322984913473,0.427322984913473,,,,,,,Panel b uses all feature-combination validation R2 values from the overall metrics workbook.
b,validation_r2_distribution,"Validation R2 distributions by model, validation strategy and aggregation scale.",LGBM,LightGBM,Temporal_CV,Temporal Generalization,1hour,1h,1.0,Baseline+Topo,Topology,5,Val_R2_Mean,0.450750370686311,0.450750370686311,,,,,,,Panel b uses all feature-combination validation R2 values from the overall metrics workbook.
b,validation_r2_distribution,"Validation R2 distributions by model, validation strategy and aggregation scale.",RF,Random Forest,Temporal_CV,Temporal Generalization,1hour,1h,1.0,Baseline+Topo,Topology,5,Val_R2_Mean,0.426295175725838,0.426295175725838,,,,,,,Panel b uses all feature-combination validation R2 values from the overall metrics workbook.
b,validation_r2_distribution,"Validation R2 distributions by model, validation strategy and aggregation scale.",LGBM,LightGBM,Temporal_CV,Temporal Generalization,1hour,1h,1.0,Baseline+UCP,UCP,6,Val_R2_Mean,0.443157785135942,0.443157785135942,,,,,,,Panel b uses all feature-combination validation R2 values from the overall metrics workbook.
b,validation_r2_distribution,"Validation R2 distributions by model, validation strategy and aggregation scale.",RF,Random Forest,Temporal_CV,Temporal Generalization,1hour,1h,1.0,Baseline+UCP,UCP,6,Val_R2_Mean,0.431553239933984,0.431553239933984,,,,,,,Panel b uses all feature-combination validation R2 values from the overall metrics workbook.
b,validation_r2_distribution,"Validation R2 distributions by model, validation strategy and aggregation scale.",LGBM,LightGBM,Temporal_CV,Temporal Generalization,1hour,1h,1.0,Baseline+Landuse,Land Use,7,Val_R2_Mean,0.466929349920746,0.466929349920746,,,,,,,Panel b uses all feature-combination validation R2 values from the overall metrics workbook.
b,validation_r2_distribution,"Validation R2 distributions by model, validation strategy and aggregation scale.",RF,Random Forest,Temporal_CV,Temporal Generalization,1hour,1h,1.0,Baseline+Landuse,Land Use,7,Val_R2_Mean,0.424149889453779,0.424149889453779,,,,,,,Panel b uses all feature-combination validation R2 values from the overall metrics workbook.
b,validation_r2_distribution,"Validation R2 distributions by model, validation strategy and aggregation scale.",LGBM,LightGBM,Temporal_CV,Temporal Generalization,1hour,1h,1.0,Baseline+POI,POI,8,Val_R2_Mean,0.439767338934225,0.439767338934225,,,,,,,Panel b uses all feature-combination validation R2 values from the overall metrics workbook.
b,validation_r2_distribution,"Validation R2 distributions by model, validation strategy and aggregation scale.",RF,Random Forest,Temporal_CV,Temporal Generalization,1hour,1h,1.0,Baseline+POI,POI,8,Val_R2_Mean,0.388746217054553,0.388746217054553,,,,,,,Panel b uses all feature-combination validation R2 values from the overall metrics workbook.
b,validation_r2_distribution,"Validation R2 distributions by model, validation strategy and aggregation scale.",LGBM,LightGBM,Temporal_CV,Temporal Generalization,1hour,1h,1.0,Baseline+Meteorology,Baseline,999,Val_R2_Mean,0.45236563577141,0.45236563577141,,,,,,,Panel b uses all feature-combination validation R2 values from the overall metrics workbook.
b,validation_r2_distribution,"Validation R2 distributions by model, validation strategy and aggregation scale.",RF,Random Forest,Temporal_CV,Temporal Generalization,1hour,1h,1.0,Baseline+Meteorology,Baseline,999,Val_R2_Mean,0.354619142306792,0.354619142306792,,,,,,,Panel b uses all feature-combination validation R2 values from the overall metrics workbook.
b,validation_r2_distribution,"Validation R2 distributions by model, validation strategy and aggregation scale.",LGBM,LightGBM,Temporal_CV,Temporal Generalization,24hour,24h,2.0,Baseline+Buffer,Buffer,1,Val_R2_Mean,0.603863070684838,0.603863070684838,,,,,,,Panel b uses all feature-combination validation R2 values from the overall metrics workbook.
b,validation_r2_distribution,"Validation R2 distributions by model, validation strategy and aggregation scale.",RF,Random Forest,Temporal_CV,Temporal Generalization,24hour,24h,2.0,Baseline+Buffer,Buffer,1,Val_R2_Mean,0.573167776675914,0.573167776675914,,,,,,,Panel b uses all feature-combination validation R2 values from the overall metrics workbook.
b,validation_r2_distribution,"Validation R2 distributions by model, validation strategy and aggregation scale.",LGBM,LightGBM,Temporal_CV,Temporal Generalization,24hour,24h,2.0,Baseline+Aggregated,Aggregated,2,Val_R2_Mean,0.594129225999702,0.594129225999702,,,,,,,Panel b uses all feature-combination validation R2 values from the overall metrics workbook.
b,validation_r2_distribution,"Validation R2 distributions by model, validation strategy and aggregation scale.",RF,Random Forest,Temporal_CV,Temporal Generalization,24hour,24h,2.0,Baseline+Aggregated,Aggregated,2,Val_R2_Mean,0.541803513046003,0.541803513046003,,,,,,,Panel b uses all feature-combination validation R2 values from the overall metrics workbook.
b,validation_r2_distribution,"Validation R2 distributions by model, validation strategy and aggregation scale.",LGBM,LightGBM,Temporal_CV,Temporal Generalization,24hour,24h,2.0,Baseline+Emission,Emission,3,Val_R2_Mean,0.627003102410215,0.627003102410215,,,,,,,Panel b uses all feature-combination validation R2 values from the overall metrics workbook.
b,validation_r2_distribution,"Validation R2 distributions by model, validation strategy and aggregation scale.",RF,Random Forest,Temporal_CV,Temporal Generalization,24hour,24h,2.0,Baseline+Emission,Emission,3,Val_R2_Mean,0.587187221421436,0.587187221421436,,,,,,,Panel b uses all feature-combination validation R2 values from the overall metrics workbook.
b,validation_r2_distribution,"Validation R2 distributions by model, validation strategy and aggregation scale.",LGBM,LightGBM,Temporal_CV,Temporal Generalization,24hour,24h,2.0,Baseline+Temp,Temporal,4,Val_R2_Mean,0.566116241881231,0.566116241881231,,,,,,,Panel b uses all feature-combination validation R2 values from the overall metrics workbook.
b,validation_r2_distribution,"Validation R2 distributions by model, validation strategy and aggregation scale.",RF,Random Forest,Temporal_CV,Temporal Generalization,24hour,24h,2.0,Baseline+Temp,Temporal,4,Val_R2_Mean,0.474518894457642,0.474518894457642,,,,,,,Panel b uses all feature-combination validation R2 values from the overall metrics workbook.
b,validation_r2_distribution,"Validation R2 distributions by model, validation strategy and aggregation scale.",LGBM,LightGBM,Temporal_CV,Temporal Generalization,24hour,24h,2.0,Baseline+Topo,Topology,5,Val_R2_Mean,0.602614404968866,0.602614404968866,,,,,,,Panel b uses all feature-combination validation R2 values from the overall metrics workbook.
b,validation_r2_distribution,"Validation R2 distributions by model, validation strategy and aggregation scale.",RF,Random Forest,Temporal_CV,Temporal Generalization,24hour,24h,2.0,Baseline+Topo,Topology,5,Val_R2_Mean,0.572796328813965,0.572796328813965,,,,,,,Panel b uses all feature-combination validation R2 values from the overall metrics workbook.
b,validation_r2_distribution,"Validation R2 distributions by model, validation strategy and aggregation scale.",LGBM,LightGBM,Temporal_CV,Temporal Generalization,24hour,24h,2.0,Baseline+UCP,UCP,6,Val_R2_Mean,0.605858087175802,0.605858087175802,,,,,,,Panel b uses all feature-combination validation R2 values from the overall metrics workbook.
b,validation_r2_distribution,"Validation R2 distributions by model, validation strategy and aggregation scale.",RF,Random Forest,Temporal_CV,Temporal Generalization,24hour,24h,2.0,Baseline+UCP,UCP,6,Val_R2_Mean,0.57856128984689,0.57856128984689,,,,,,,Panel b uses all feature-combination validation R2 values from the overall metrics workbook.
b,validation_r2_distribution,"Validation R2 distributions by model, validation strategy and aggregation scale.",LGBM,LightGBM,Temporal_CV,Temporal Generalization,24hour,24h,2.0,Baseline+Landuse,Land Use,7,Val_R2_Mean,0.622221720604101,0.622221720604101,,,,,,,Panel b uses all feature-combination validation R2 values from the overall metrics workbook.
b,validation_r2_distribution,"Validation R2 distributions by model, validation strategy and aggregation scale.",RF,Random Forest,Temporal_CV,Temporal Generalization,24hour,24h,2.0,Baseline+Landuse,Land Use,7,Val_R2_Mean,0.575794041091094,0.575794041091094,,,,,,,Panel b uses all feature-combination validation R2 values from the overall metrics workbook.
b,validation_r2_distribution,"Validation R2 distributions by model, validation strategy and aggregation scale.",LGBM,LightGBM,Temporal_CV,Temporal Generalization,24hour,24h,2.0,Baseline+POI,POI,8,Val_R2_Mean,0.597334126142791,0.597334126142791,,,,,,,Panel b uses all feature-combination validation R2 values from the overall metrics workbook.
b,validation_r2_distribution,"Validation R2 distributions by model, validation strategy and aggregation scale.",RF,Random Forest,Temporal_CV,Temporal Generalization,24hour,24h,2.0,Baseline+POI,POI,8,Val_R2_Mean,0.528281757106267,0.528281757106267,,,,,,,Panel b uses all feature-combination validation R2 values from the overall metrics workbook.
b,validation_r2_distribution,"Validation R2 distributions by model, validation strategy and aggregation scale.",LGBM,LightGBM,Temporal_CV,Temporal Generalization,24hour,24h,2.0,Baseline+Meteorology,Baseline,999,Val_R2_Mean,0.556441189243417,0.556441189243417,,,,,,,Panel b uses all feature-combination validation R2 values from the overall metrics workbook.
b,validation_r2_distribution,"Validation R2 distributions by model, validation strategy and aggregation scale.",RF,Random Forest,Temporal_CV,Temporal Generalization,24hour,24h,2.0,Baseline+Meteorology,Baseline,999,Val_R2_Mean,0.485373822898521,0.485373822898521,,,,,,,Panel b uses all feature-combination validation R2 values from the overall metrics workbook.
b,validation_r2_distribution,"Validation R2 distributions by model, validation strategy and aggregation scale.",LGBM,LightGBM,Temporal_CV,Temporal Generalization,7day,7d,3.0,Baseline+Buffer,Buffer,1,Val_R2_Mean,0.694331002738955,0.694331002738955,,,,,,,Panel b uses all feature-combination validation R2 values from the overall metrics workbook.
b,validation_r2_distribution,"Validation R2 distributions by model, validation strategy and aggregation scale.",RF,Random Forest,Temporal_CV,Temporal Generalization,7day,7d,3.0,Baseline+Buffer,Buffer,1,Val_R2_Mean,0.661074446093094,0.661074446093094,,,,,,,Panel b uses all feature-combination validation R2 values from the overall metrics workbook.
b,validation_r2_distribution,"Validation R2 distributions by model, validation strategy and aggregation scale.",LGBM,LightGBM,Temporal_CV,Temporal Generalization,7day,7d,3.0,Baseline+Aggregated,Aggregated,2,Val_R2_Mean,0.688287691757245,0.688287691757245,,,,,,,Panel b uses all feature-combination validation R2 values from the overall metrics workbook.
b,validation_r2_distribution,"Validation R2 distributions by model, validation strategy and aggregation scale.",RF,Random Forest,Temporal_CV,Temporal Generalization,7day,7d,3.0,Baseline+Aggregated,Aggregated,2,Val_R2_Mean,0.644028583801299,0.644028583801299,,,,,,,Panel b uses all feature-combination validation R2 values from the overall metrics workbook.
b,validation_r2_distribution,"Validation R2 distributions by model, validation strategy and aggregation scale.",LGBM,LightGBM,Temporal_CV,Temporal Generalization,7day,7d,3.0,Baseline+Emission,Emission,3,Val_R2_Mean,0.67161129123086,0.67161129123086,,,,,,,Panel b uses all feature-combination validation R2 values from the overall metrics workbook.
b,validation_r2_distribution,"Validation R2 distributions by model, validation strategy and aggregation scale.",RF,Random Forest,Temporal_CV,Temporal Generalization,7day,7d,3.0,Baseline+Emission,Emission,3,Val_R2_Mean,0.633920170874959,0.633920170874959,,,,,,,Panel b uses all feature-combination validation R2 values from the overall metrics workbook.
b,validation_r2_distribution,"Validation R2 distributions by model, validation strategy and aggregation scale.",LGBM,LightGBM,Temporal_CV,Temporal Generalization,7day,7d,3.0,Baseline+Temp,Temporal,4,Val_R2_Mean,0.638563763863477,0.638563763863477,,,,,,,Panel b uses all feature-combination validation R2 values from the overall metrics workbook.
b,validation_r2_distribution,"Validation R2 distributions by model, validation strategy and aggregation scale.",RF,Random Forest,Temporal_CV,Temporal Generalization,7day,7d,3.0,Baseline+Temp,Temporal,4,Val_R2_Mean,0.532643217753097,0.532643217753097,,,,,,,Panel b uses all feature-combination validation R2 values from the overall metrics workbook.
b,validation_r2_distribution,"Validation R2 distributions by model, validation strategy and aggregation scale.",LGBM,LightGBM,Temporal_CV,Temporal Generalization,7day,7d,3.0,Baseline+Topo,Topology,5,Val_R2_Mean,0.652502847473917,0.652502847473917,,,,,,,Panel b uses all feature-combination validation R2 values from the overall metrics workbook.
b,validation_r2_distribution,"Validation R2 distributions by model, validation strategy and aggregation scale.",RF,Random Forest,Temporal_CV,Temporal Generalization,7day,7d,3.0,Baseline+Topo,Topology,5,Val_R2_Mean,0.61420492083647,0.61420492083647,,,,,,,Panel b uses all feature-combination validation R2 values from the overall metrics workbook.
b,validation_r2_distribution,"Validation R2 distributions by model, validation strategy and aggregation scale.",LGBM,LightGBM,Temporal_CV,Temporal Generalization,7day,7d,3.0,Baseline+UCP,UCP,6,Val_R2_Mean,0.620009900683002,0.620009900683002,,,,,,,Panel b uses all feature-combination validation R2 values from the overall metrics workbook.
b,validation_r2_distribution,"Validation R2 distributions by model, validation strategy and aggregation scale.",RF,Random Forest,Temporal_CV,Temporal Generalization,7day,7d,3.0,Baseline+UCP,UCP,6,Val_R2_Mean,0.62121097369652,0.62121097369652,,,,,,,Panel b uses all feature-combination validation R2 values from the overall metrics workbook.
b,validation_r2_distribution,"Validation R2 distributions by model, validation strategy and aggregation scale.",LGBM,LightGBM,Temporal_CV,Temporal Generalization,7day,7d,3.0,Baseline+Landuse,Land Use,7,Val_R2_Mean,0.620048832413158,0.620048832413158,,,,,,,Panel b uses all feature-combination validation R2 values from the overall metrics workbook.
b,validation_r2_distribution,"Validation R2 distributions by model, validation strategy and aggregation scale.",RF,Random Forest,Temporal_CV,Temporal Generalization,7day,7d,3.0,Baseline+Landuse,Land Use,7,Val_R2_Mean,0.621172765087617,0.621172765087617,,,,,,,Panel b uses all feature-combination validation R2 values from the overall metrics workbook.
b,validation_r2_distribution,"Validation R2 distributions by model, validation strategy and aggregation scale.",LGBM,LightGBM,Temporal_CV,Temporal Generalization,7day,7d,3.0,Baseline+POI,POI,8,Val_R2_Mean,0.623929547664565,0.623929547664565,,,,,,,Panel b uses all feature-combination validation R2 values from the overall metrics workbook.
b,validation_r2_distribution,"Validation R2 distributions by model, validation strategy and aggregation scale.",RF,Random Forest,Temporal_CV,Temporal Generalization,7day,7d,3.0,Baseline+POI,POI,8,Val_R2_Mean,0.568628373126015,0.568628373126015,,,,,,,Panel b uses all feature-combination validation R2 values from the overall metrics workbook.
b,validation_r2_distribution,"Validation R2 distributions by model, validation strategy and aggregation scale.",LGBM,LightGBM,Temporal_CV,Temporal Generalization,7day,7d,3.0,Baseline+Meteorology,Baseline,999,Val_R2_Mean,0.601146971495914,0.601146971495914,,,,,,,Panel b uses all feature-combination validation R2 values from the overall metrics workbook.
b,validation_r2_distribution,"Validation R2 distributions by model, validation strategy and aggregation scale.",RF,Random Forest,Temporal_CV,Temporal Generalization,7day,7d,3.0,Baseline+Meteorology,Baseline,999,Val_R2_Mean,0.524647610855134,0.524647610855134,,,,,,,Panel b uses all feature-combination validation R2 values from the overall metrics workbook.
b,validation_r2_distribution,"Validation R2 distributions by model, validation strategy and aggregation scale.",LGBM,LightGBM,Temporal_CV,Temporal Generalization,31day,31d,4.0,Baseline+Buffer,Buffer,1,Val_R2_Mean,0.762863774331961,0.762863774331961,,,,,,,Panel b uses all feature-combination validation R2 values from the overall metrics workbook.
b,validation_r2_distribution,"Validation R2 distributions by model, validation strategy and aggregation scale.",RF,Random Forest,Temporal_CV,Temporal Generalization,31day,31d,4.0,Baseline+Buffer,Buffer,1,Val_R2_Mean,0.718883456526193,0.718883456526193,,,,,,,Panel b uses all feature-combination validation R2 values from the overall metrics workbook.
b,validation_r2_distribution,"Validation R2 distributions by model, validation strategy and aggregation scale.",LGBM,LightGBM,Temporal_CV,Temporal Generalization,31day,31d,4.0,Baseline+Aggregated,Aggregated,2,Val_R2_Mean,0.762434241872567,0.762434241872567,,,,,,,Panel b uses all feature-combination validation R2 values from the overall metrics workbook.
b,validation_r2_distribution,"Validation R2 distributions by model, validation strategy and aggregation scale.",RF,Random Forest,Temporal_CV,Temporal Generalization,31day,31d,4.0,Baseline+Aggregated,Aggregated,2,Val_R2_Mean,0.703330320704658,0.703330320704658,,,,,,,Panel b uses all feature-combination validation R2 values from the overall metrics workbook.
b,validation_r2_distribution,"Validation R2 distributions by model, validation strategy and aggregation scale.",LGBM,LightGBM,Temporal_CV,Temporal Generalization,31day,31d,4.0,Baseline+Emission,Emission,3,Val_R2_Mean,0.584840505935168,0.584840505935168,,,,,,,Panel b uses all feature-combination validation R2 values from the overall metrics workbook.
b,validation_r2_distribution,"Validation R2 distributions by model, validation strategy and aggregation scale.",RF,Random Forest,Temporal_CV,Temporal Generalization,31day,31d,4.0,Baseline+Emission,Emission,3,Val_R2_Mean,0.610485404186647,0.610485404186647,,,,,,,Panel b uses all feature-combination validation R2 values from the overall metrics workbook.
b,validation_r2_distribution,"Validation R2 distributions by model, validation strategy and aggregation scale.",LGBM,LightGBM,Temporal_CV,Temporal Generalization,31day,31d,4.0,Baseline+Temp,Temporal,4,Val_R2_Mean,0.606768913150421,0.606768913150421,,,,,,,Panel b uses all feature-combination validation R2 values from the overall metrics workbook.
b,validation_r2_distribution,"Validation R2 distributions by model, validation strategy and aggregation scale.",RF,Random Forest,Temporal_CV,Temporal Generalization,31day,31d,4.0,Baseline+Temp,Temporal,4,Val_R2_Mean,0.523080472915397,0.523080472915397,,,,,,,Panel b uses all feature-combination validation R2 values from the overall metrics workbook.
b,validation_r2_distribution,"Validation R2 distributions by model, validation strategy and aggregation scale.",LGBM,LightGBM,Temporal_CV,Temporal Generalization,31day,31d,4.0,Baseline+Topo,Topology,5,Val_R2_Mean,0.597492944448905,0.597492944448905,,,,,,,Panel b uses all feature-combination validation R2 values from the overall metrics workbook.
b,validation_r2_distribution,"Validation R2 distributions by model, validation strategy and aggregation scale.",RF,Random Forest,Temporal_CV,Temporal Generalization,31day,31d,4.0,Baseline+Topo,Topology,5,Val_R2_Mean,0.584011573903414,0.584011573903414,,,,,,,Panel b uses all feature-combination validation R2 values from the overall metrics workbook.
b,validation_r2_distribution,"Validation R2 distributions by model, validation strategy and aggregation scale.",LGBM,LightGBM,Temporal_CV,Temporal Generalization,31day,31d,4.0,Baseline+UCP,UCP,6,Val_R2_Mean,0.560949681411118,0.560949681411118,,,,,,,Panel b uses all feature-combination validation R2 values from the overall metrics workbook.
b,validation_r2_distribution,"Validation R2 distributions by model, validation strategy and aggregation scale.",RF,Random Forest,Temporal_CV,Temporal Generalization,31day,31d,4.0,Baseline+UCP,UCP,6,Val_R2_Mean,0.594394398001691,0.594394398001691,,,,,,,Panel b uses all feature-combination validation R2 values from the overall metrics workbook.
b,validation_r2_distribution,"Validation R2 distributions by model, validation strategy and aggregation scale.",LGBM,LightGBM,Temporal_CV,Temporal Generalization,31day,31d,4.0,Baseline+Landuse,Land Use,7,Val_R2_Mean,0.557672263806274,0.557672263806274,,,,,,,Panel b uses all feature-combination validation R2 values from the overall metrics workbook.
b,validation_r2_distribution,"Validation R2 distributions by model, validation strategy and aggregation scale.",RF,Random Forest,Temporal_CV,Temporal Generalization,31day,31d,4.0,Baseline+Landuse,Land Use,7,Val_R2_Mean,0.593442259620502,0.593442259620502,,,,,,,Panel b uses all feature-combination validation R2 values from the overall metrics workbook.
b,validation_r2_distribution,"Validation R2 distributions by model, validation strategy and aggregation scale.",LGBM,LightGBM,Temporal_CV,Temporal Generalization,31day,31d,4.0,Baseline+POI,POI,8,Val_R2_Mean,0.580521481806223,0.580521481806223,,,,,,,Panel b uses all feature-combination validation R2 values from the overall metrics workbook.
b,validation_r2_distribution,"Validation R2 distributions by model, validation strategy and aggregation scale.",RF,Random Forest,Temporal_CV,Temporal Generalization,31day,31d,4.0,Baseline+POI,POI,8,Val_R2_Mean,0.538704430684221,0.538704430684221,,,,,,,Panel b uses all feature-combination validation R2 values from the overall metrics workbook.
b,validation_r2_distribution,"Validation R2 distributions by model, validation strategy and aggregation scale.",LGBM,LightGBM,Temporal_CV,Temporal Generalization,31day,31d,4.0,Baseline+Meteorology,Baseline,999,Val_R2_Mean,0.486028526144046,0.486028526144046,,,,,,,Panel b uses all feature-combination validation R2 values from the overall metrics workbook.
b,validation_r2_distribution,"Validation R2 distributions by model, validation strategy and aggregation scale.",RF,Random Forest,Temporal_CV,Temporal Generalization,31day,31d,4.0,Baseline+Meteorology,Baseline,999,Val_R2_Mean,0.497335211200427,0.497335211200427,,,,,,,Panel b uses all feature-combination validation R2 values from the overall metrics workbook.
c,feature_contribution_quadrant,Mean feature-domain marginal contribution under spatial and temporal validation.,,,,,,,,Baseline+Buffer,Buffer,1,Mean_Delta_R2_Percent,,,,,,15.522356636814898,8.650316721203522,,Panel c uses mean marginal contribution across aggregation scales after taking the maximum delta across RF and LGBM.
c,feature_contribution_quadrant,Mean feature-domain marginal contribution under spatial and temporal validation.,,,,,,,,Baseline+Aggregated,Aggregated,2,Mean_Delta_R2_Percent,,,,,,13.853733642140277,7.403402477759546,,Panel c uses mean marginal contribution across aggregation scales after taking the maximum delta across RF and LGBM.
c,feature_contribution_quadrant,Mean feature-domain marginal contribution under spatial and temporal validation.,,,,,,,,Baseline+Emission,Emission,3,Mean_Delta_R2_Percent,,,,,,10.086374188373474,10.924481995011847,,Panel c uses mean marginal contribution across aggregation scales after taking the maximum delta across RF and LGBM.
c,feature_contribution_quadrant,Mean feature-domain marginal contribution under spatial and temporal validation.,,,,,,,,Baseline+Temp,Temporal,4,Mean_Delta_R2_Percent,,,,,,6.013401865460826,0.5826712142388502,,Panel c uses mean marginal contribution across aggregation scales after taking the maximum delta across RF and LGBM.
c,feature_contribution_quadrant,Mean feature-domain marginal contribution under spatial and temporal validation.,,,,,,,,Baseline+Topo,Topology,5,Mean_Delta_R2_Percent,,,,,,9.003006690517127,1.738152184697822,,Panel c uses mean marginal contribution across aggregation scales after taking the maximum delta across RF and LGBM.
c,feature_contribution_quadrant,Mean feature-domain marginal contribution under spatial and temporal validation.,,,,,,,,Baseline+UCP,UCP,6,Mean_Delta_R2_Percent,,,,,,9.093602855455277,-2.318673102969629,,Panel c uses mean marginal contribution across aggregation scales after taking the maximum delta across RF and LGBM.
c,feature_contribution_quadrant,Mean feature-domain marginal contribution under spatial and temporal validation.,,,,,,,,Baseline+Landuse,Land Use,7,Mean_Delta_R2_Percent,,,,,,8.814579199802951,-2.267618478866926,,Panel c uses mean marginal contribution across aggregation scales after taking the maximum delta across RF and LGBM.
c,feature_contribution_quadrant,Mean feature-domain marginal contribution under spatial and temporal validation.,,,,,,,,Baseline+POI,POI,8,Mean_Delta_R2_Percent,,,,,,5.387718172214124,-0.4368307022768997,,Panel c uses mean marginal contribution across aggregation scales after taking the maximum delta across RF and LGBM.
d,radar_feature_contribution,Non-negative feature-domain marginal contribution for radar plots.,,,Spatial_CV,Spatial Generalization,1hour,1h,1.0,Baseline+Buffer,Buffer,1,Radar_Delta_R2_Percent,6.265185545085394,,,,6.265185545085394,,,6.265185545085394,"Panel d uses max(delta_RF, delta_LGBM) by feature, validation strategy and aggregation scale, clipped at zero."
d,radar_feature_contribution,Non-negative feature-domain marginal contribution for radar plots.,,,Spatial_CV,Spatial Generalization,1hour,1h,1.0,Baseline+Aggregated,Aggregated,2,Radar_Delta_R2_Percent,3.644356562278095,,,,3.644356562278095,,,3.644356562278095,"Panel d uses max(delta_RF, delta_LGBM) by feature, validation strategy and aggregation scale, clipped at zero."
d,radar_feature_contribution,Non-negative feature-domain marginal contribution for radar plots.,,,Spatial_CV,Spatial Generalization,1hour,1h,1.0,Baseline+Emission,Emission,3,Radar_Delta_R2_Percent,8.550529081689495,,,,8.550529081689495,,,8.550529081689495,"Panel d uses max(delta_RF, delta_LGBM) by feature, validation strategy and aggregation scale, clipped at zero."
d,radar_feature_contribution,Non-negative feature-domain marginal contribution for radar plots.,,,Spatial_CV,Spatial Generalization,1hour,1h,1.0,Baseline+Temp,Temporal,4,Radar_Delta_R2_Percent,2.7108293422427043,,,,2.7108293422427043,,,2.7108293422427043,"Panel d uses max(delta_RF, delta_LGBM) by feature, validation strategy and aggregation scale, clipped at zero."
d,radar_feature_contribution,Non-negative feature-domain marginal contribution for radar plots.,,,Spatial_CV,Spatial Generalization,1hour,1h,1.0,Baseline+Topo,Topology,5,Radar_Delta_R2_Percent,3.755323856496595,,,,3.755323856496595,,,3.755323856496595,"Panel d uses max(delta_RF, delta_LGBM) by feature, validation strategy and aggregation scale, clipped at zero."
d,radar_feature_contribution,Non-negative feature-domain marginal contribution for radar plots.,,,Spatial_CV,Spatial Generalization,1hour,1h,1.0,Baseline+UCP,UCP,6,Radar_Delta_R2_Percent,0.0,,,,-1.6253937648366024,,,0.0,"Panel d uses max(delta_RF, delta_LGBM) by feature, validation strategy and aggregation scale, clipped at zero."
d,radar_feature_contribution,Non-negative feature-domain marginal contribution for radar plots.,,,Spatial_CV,Spatial Generalization,1hour,1h,1.0,Baseline+Landuse,Land Use,7,Radar_Delta_R2_Percent,0.0,,,,-4.423488755622196,,,0.0,"Panel d uses max(delta_RF, delta_LGBM) by feature, validation strategy and aggregation scale, clipped at zero."
d,radar_feature_contribution,Non-negative feature-domain marginal contribution for radar plots.,,,Spatial_CV,Spatial Generalization,1hour,1h,1.0,Baseline+POI,POI,8,Radar_Delta_R2_Percent,1.581410862535304,,,,1.581410862535304,,,1.581410862535304,"Panel d uses max(delta_RF, delta_LGBM) by feature, validation strategy and aggregation scale, clipped at zero."
d,radar_feature_contribution,Non-negative feature-domain marginal contribution for radar plots.,,,Spatial_CV,Spatial Generalization,24hour,24h,2.0,Baseline+Buffer,Buffer,1,Radar_Delta_R2_Percent,7.900645475658397,,,,7.900645475658397,,,7.900645475658397,"Panel d uses max(delta_RF, delta_LGBM) by feature, validation strategy and aggregation scale, clipped at zero."
d,radar_feature_contribution,Non-negative feature-domain marginal contribution for radar plots.,,,Spatial_CV,Spatial Generalization,24hour,24h,2.0,Baseline+Aggregated,Aggregated,2,Radar_Delta_R2_Percent,4.307369483632195,,,,4.307369483632195,,,4.307369483632195,"Panel d uses max(delta_RF, delta_LGBM) by feature, validation strategy and aggregation scale, clipped at zero."
d,radar_feature_contribution,Non-negative feature-domain marginal contribution for radar plots.,,,Spatial_CV,Spatial Generalization,24hour,24h,2.0,Baseline+Emission,Emission,3,Radar_Delta_R2_Percent,10.293849314150993,,,,10.293849314150993,,,10.293849314150993,"Panel d uses max(delta_RF, delta_LGBM) by feature, validation strategy and aggregation scale, clipped at zero."
d,radar_feature_contribution,Non-negative feature-domain marginal contribution for radar plots.,,,Spatial_CV,Spatial Generalization,24hour,24h,2.0,Baseline+Temp,Temporal,4,Radar_Delta_R2_Percent,0.12454537577699654,,,,0.12454537577699654,,,0.12454537577699654,"Panel d uses max(delta_RF, delta_LGBM) by feature, validation strategy and aggregation scale, clipped at zero."
d,radar_feature_contribution,Non-negative feature-domain marginal contribution for radar plots.,,,Spatial_CV,Spatial Generalization,24hour,24h,2.0,Baseline+Topo,Topology,5,Radar_Delta_R2_Percent,0.21655444446989636,,,,0.21655444446989636,,,0.21655444446989636,"Panel d uses max(delta_RF, delta_LGBM) by feature, validation strategy and aggregation scale, clipped at zero."
d,radar_feature_contribution,Non-negative feature-domain marginal contribution for radar plots.,,,Spatial_CV,Spatial Generalization,24hour,24h,2.0,Baseline+UCP,UCP,6,Radar_Delta_R2_Percent,0.0,,,,-2.3613540238117015,,,0.0,"Panel d uses max(delta_RF, delta_LGBM) by feature, validation strategy and aggregation scale, clipped at zero."
d,radar_feature_contribution,Non-negative feature-domain marginal contribution for radar plots.,,,Spatial_CV,Spatial Generalization,24hour,24h,2.0,Baseline+Landuse,Land Use,7,Radar_Delta_R2_Percent,0.0,,,,-2.7838808943736026,,,0.0,"Panel d uses max(delta_RF, delta_LGBM) by feature, validation strategy and aggregation scale, clipped at zero."
d,radar_feature_contribution,Non-negative feature-domain marginal contribution for radar plots.,,,Spatial_CV,Spatial Generalization,24hour,24h,2.0,Baseline+POI,POI,8,Radar_Delta_R2_Percent,2.0765676132291966,,,,2.0765676132291966,,,2.0765676132291966,"Panel d uses max(delta_RF, delta_LGBM) by feature, validation strategy and aggregation scale, clipped at zero."
d,radar_feature_contribution,Non-negative feature-domain marginal contribution for radar plots.,,,Spatial_CV,Spatial Generalization,7day,7d,3.0,Baseline+Buffer,Buffer,1,Radar_Delta_R2_Percent,9.287551442050601,,,,9.287551442050601,,,9.287551442050601,"Panel d uses max(delta_RF, delta_LGBM) by feature, validation strategy and aggregation scale, clipped at zero."
d,radar_feature_contribution,Non-negative feature-domain marginal contribution for radar plots.,,,Spatial_CV,Spatial Generalization,7day,7d,3.0,Baseline+Aggregated,Aggregated,2,Radar_Delta_R2_Percent,9.635209602959593,,,,9.635209602959593,,,9.635209602959593,"Panel d uses max(delta_RF, delta_LGBM) by feature, validation strategy and aggregation scale, clipped at zero."
d,radar_feature_contribution,Non-negative feature-domain marginal contribution for radar plots.,,,Spatial_CV,Spatial Generalization,7day,7d,3.0,Baseline+Emission,Emission,3,Radar_Delta_R2_Percent,12.3948701728113,,,,12.3948701728113,,,12.3948701728113,"Panel d uses max(delta_RF, delta_LGBM) by feature, validation strategy and aggregation scale, clipped at zero."
d,radar_feature_contribution,Non-negative feature-domain marginal contribution for radar plots.,,,Spatial_CV,Spatial Generalization,7day,7d,3.0,Baseline+Temp,Temporal,4,Radar_Delta_R2_Percent,0.0,,,,-0.017117273571098934,,,0.0,"Panel d uses max(delta_RF, delta_LGBM) by feature, validation strategy and aggregation scale, clipped at zero."
d,radar_feature_contribution,Non-negative feature-domain marginal contribution for radar plots.,,,Spatial_CV,Spatial Generalization,7day,7d,3.0,Baseline+Topo,Topology,5,Radar_Delta_R2_Percent,2.4575470741106,,,,2.4575470741106,,,2.4575470741106,"Panel d uses max(delta_RF, delta_LGBM) by feature, validation strategy and aggregation scale, clipped at zero."
d,radar_feature_contribution,Non-negative feature-domain marginal contribution for radar plots.,,,Spatial_CV,Spatial Generalization,7day,7d,3.0,Baseline+UCP,UCP,6,Radar_Delta_R2_Percent,0.0,,,,-2.7795947563989065,,,0.0,"Panel d uses max(delta_RF, delta_LGBM) by feature, validation strategy and aggregation scale, clipped at zero."
d,radar_feature_contribution,Non-negative feature-domain marginal contribution for radar plots.,,,Spatial_CV,Spatial Generalization,7day,7d,3.0,Baseline+Landuse,Land Use,7,Radar_Delta_R2_Percent,0.0,,,,-0.5027544349586077,,,0.0,"Panel d uses max(delta_RF, delta_LGBM) by feature, validation strategy and aggregation scale, clipped at zero."
d,radar_feature_contribution,Non-negative feature-domain marginal contribution for radar plots.,,,Spatial_CV,Spatial Generalization,7day,7d,3.0,Baseline+POI,POI,8,Radar_Delta_R2_Percent,0.8847059772511989,,,,0.8847059772511989,,,0.8847059772511989,"Panel d uses max(delta_RF, delta_LGBM) by feature, validation strategy and aggregation scale, clipped at zero."
d,radar_feature_contribution,Non-negative feature-domain marginal contribution for radar plots.,,,Spatial_CV,Spatial Generalization,31day,31d,4.0,Baseline+Buffer,Buffer,1,Radar_Delta_R2_Percent,11.147884422019693,,,,11.147884422019693,,,11.147884422019693,"Panel d uses max(delta_RF, delta_LGBM) by feature, validation strategy and aggregation scale, clipped at zero."
d,radar_feature_contribution,Non-negative feature-domain marginal contribution for radar plots.,,,Spatial_CV,Spatial Generalization,31day,31d,4.0,Baseline+Aggregated,Aggregated,2,Radar_Delta_R2_Percent,12.026674262168303,,,,12.026674262168303,,,12.026674262168303,"Panel d uses max(delta_RF, delta_LGBM) by feature, validation strategy and aggregation scale, clipped at zero."
d,radar_feature_contribution,Non-negative feature-domain marginal contribution for radar plots.,,,Spatial_CV,Spatial Generalization,31day,31d,4.0,Baseline+Emission,Emission,3,Radar_Delta_R2_Percent,12.4586794113956,,,,12.4586794113956,,,12.4586794113956,"Panel d uses max(delta_RF, delta_LGBM) by feature, validation strategy and aggregation scale, clipped at zero."
d,radar_feature_contribution,Non-negative feature-domain marginal contribution for radar plots.,,,Spatial_CV,Spatial Generalization,31day,31d,4.0,Baseline+Temp,Temporal,4,Radar_Delta_R2_Percent,0.0,,,,-0.4875725874932013,,,0.0,"Panel d uses max(delta_RF, delta_LGBM) by feature, validation strategy and aggregation scale, clipped at zero."
d,radar_feature_contribution,Non-negative feature-domain marginal contribution for radar plots.,,,Spatial_CV,Spatial Generalization,31day,31d,4.0,Baseline+Topo,Topology,5,Radar_Delta_R2_Percent,0.5231833637141969,,,,0.5231833637141969,,,0.5231833637141969,"Panel d uses max(delta_RF, delta_LGBM) by feature, validation strategy and aggregation scale, clipped at zero."
d,radar_feature_contribution,Non-negative feature-domain marginal contribution for radar plots.,,,Spatial_CV,Spatial Generalization,31day,31d,4.0,Baseline+UCP,UCP,6,Radar_Delta_R2_Percent,0.0,,,,-2.5083498668313053,,,0.0,"Panel d uses max(delta_RF, delta_LGBM) by feature, validation strategy and aggregation scale, clipped at zero."
d,radar_feature_contribution,Non-negative feature-domain marginal contribution for radar plots.,,,Spatial_CV,Spatial Generalization,31day,31d,4.0,Baseline+Landuse,Land Use,7,Radar_Delta_R2_Percent,0.0,,,,-1.3603498305132966,,,0.0,"Panel d uses max(delta_RF, delta_LGBM) by feature, validation strategy and aggregation scale, clipped at zero."
d,radar_feature_contribution,Non-negative feature-domain marginal contribution for radar plots.,,,Spatial_CV,Spatial Generalization,31day,31d,4.0,Baseline+POI,POI,8,Radar_Delta_R2_Percent,0.0,,,,-6.290007262123298,,,0.0,"Panel d uses max(delta_RF, delta_LGBM) by feature, validation strategy and aggregation scale, clipped at zero."
d,radar_feature_contribution,Non-negative feature-domain marginal contribution for radar plots.,,,Temporal_CV,Temporal Generalization,1hour,1h,1.0,Baseline+Buffer,Buffer,1,Radar_Delta_R2_Percent,11.9838228269328,,,,11.9838228269328,,,11.9838228269328,"Panel d uses max(delta_RF, delta_LGBM) by feature, validation strategy and aggregation scale, clipped at zero."
d,radar_feature_contribution,Non-negative feature-domain marginal contribution for radar plots.,,,Temporal_CV,Temporal Generalization,1hour,1h,1.0,Baseline+Aggregated,Aggregated,2,Radar_Delta_R2_Percent,10.1932966863443,,,,10.1932966863443,,,10.1932966863443,"Panel d uses max(delta_RF, delta_LGBM) by feature, validation strategy and aggregation scale, clipped at zero."
d,radar_feature_contribution,Non-negative feature-domain marginal contribution for radar plots.,,,Temporal_CV,Temporal Generalization,1hour,1h,1.0,Baseline+Emission,Emission,3,Radar_Delta_R2_Percent,7.921881600597902,,,,7.921881600597902,,,7.921881600597902,"Panel d uses max(delta_RF, delta_LGBM) by feature, validation strategy and aggregation scale, clipped at zero."
d,radar_feature_contribution,Non-negative feature-domain marginal contribution for radar plots.,,,Temporal_CV,Temporal Generalization,1hour,1h,1.0,Baseline+Temp,Temporal,4,Radar_Delta_R2_Percent,7.2703842606681,,,,7.2703842606681,,,7.2703842606681,"Panel d uses max(delta_RF, delta_LGBM) by feature, validation strategy and aggregation scale, clipped at zero."
d,radar_feature_contribution,Non-negative feature-domain marginal contribution for radar plots.,,,Temporal_CV,Temporal Generalization,1hour,1h,1.0,Baseline+Topo,Topology,5,Radar_Delta_R2_Percent,7.167603341904605,,,,7.167603341904605,,,7.167603341904605,"Panel d uses max(delta_RF, delta_LGBM) by feature, validation strategy and aggregation scale, clipped at zero."
d,radar_feature_contribution,Non-negative feature-domain marginal contribution for radar plots.,,,Temporal_CV,Temporal Generalization,1hour,1h,1.0,Baseline+UCP,UCP,6,Radar_Delta_R2_Percent,7.6934097627192,,,,7.6934097627192,,,7.6934097627192,"Panel d uses max(delta_RF, delta_LGBM) by feature, validation strategy and aggregation scale, clipped at zero."
d,radar_feature_contribution,Non-negative feature-domain marginal contribution for radar plots.,,,Temporal_CV,Temporal Generalization,1hour,1h,1.0,Baseline+Landuse,Land Use,7,Radar_Delta_R2_Percent,6.953074714698704,,,,6.953074714698704,,,6.953074714698704,"Panel d uses max(delta_RF, delta_LGBM) by feature, validation strategy and aggregation scale, clipped at zero."
d,radar_feature_contribution,Non-negative feature-domain marginal contribution for radar plots.,,,Temporal_CV,Temporal Generalization,1hour,1h,1.0,Baseline+POI,POI,8,Radar_Delta_R2_Percent,3.4127074747761,,,,3.4127074747761,,,3.4127074747761,"Panel d uses max(delta_RF, delta_LGBM) by feature, validation strategy and aggregation scale, clipped at zero."
d,radar_feature_contribution,Non-negative feature-domain marginal contribution for radar plots.,,,Temporal_CV,Temporal Generalization,24hour,24h,2.0,Baseline+Buffer,Buffer,1,Radar_Delta_R2_Percent,8.779395377739302,,,,8.779395377739302,,,8.779395377739302,"Panel d uses max(delta_RF, delta_LGBM) by feature, validation strategy and aggregation scale, clipped at zero."
d,radar_feature_contribution,Non-negative feature-domain marginal contribution for radar plots.,,,Temporal_CV,Temporal Generalization,24hour,24h,2.0,Baseline+Aggregated,Aggregated,2,Radar_Delta_R2_Percent,5.642969014748206,,,,5.642969014748206,,,5.642969014748206,"Panel d uses max(delta_RF, delta_LGBM) by feature, validation strategy and aggregation scale, clipped at zero."
d,radar_feature_contribution,Non-negative feature-domain marginal contribution for radar plots.,,,Temporal_CV,Temporal Generalization,24hour,24h,2.0,Baseline+Emission,Emission,3,Radar_Delta_R2_Percent,10.181339852291499,,,,10.181339852291499,,,10.181339852291499,"Panel d uses max(delta_RF, delta_LGBM) by feature, validation strategy and aggregation scale, clipped at zero."
d,radar_feature_contribution,Non-negative feature-domain marginal contribution for radar plots.,,,Temporal_CV,Temporal Generalization,24hour,24h,2.0,Baseline+Temp,Temporal,4,Radar_Delta_R2_Percent,0.9675052637813986,,,,0.9675052637813986,,,0.9675052637813986,"Panel d uses max(delta_RF, delta_LGBM) by feature, validation strategy and aggregation scale, clipped at zero."
d,radar_feature_contribution,Non-negative feature-domain marginal contribution for radar plots.,,,Temporal_CV,Temporal Generalization,24hour,24h,2.0,Baseline+Topo,Topology,5,Radar_Delta_R2_Percent,8.742250591544403,,,,8.742250591544403,,,8.742250591544403,"Panel d uses max(delta_RF, delta_LGBM) by feature, validation strategy and aggregation scale, clipped at zero."
d,radar_feature_contribution,Non-negative feature-domain marginal contribution for radar plots.,,,Temporal_CV,Temporal Generalization,24hour,24h,2.0,Baseline+UCP,UCP,6,Radar_Delta_R2_Percent,9.318746694836905,,,,9.318746694836905,,,9.318746694836905,"Panel d uses max(delta_RF, delta_LGBM) by feature, validation strategy and aggregation scale, clipped at zero."
d,radar_feature_contribution,Non-negative feature-domain marginal contribution for radar plots.,,,Temporal_CV,Temporal Generalization,24hour,24h,2.0,Baseline+Landuse,Land Use,7,Radar_Delta_R2_Percent,9.0420218192573,,,,9.0420218192573,,,9.0420218192573,"Panel d uses max(delta_RF, delta_LGBM) by feature, validation strategy and aggregation scale, clipped at zero."
d,radar_feature_contribution,Non-negative feature-domain marginal contribution for radar plots.,,,Temporal_CV,Temporal Generalization,24hour,24h,2.0,Baseline+POI,POI,8,Radar_Delta_R2_Percent,4.290793420774603,,,,4.290793420774603,,,4.290793420774603,"Panel d uses max(delta_RF, delta_LGBM) by feature, validation strategy and aggregation scale, clipped at zero."
d,radar_feature_contribution,Non-negative feature-domain marginal contribution for radar plots.,,,Temporal_CV,Temporal Generalization,7day,7d,3.0,Baseline+Buffer,Buffer,1,Radar_Delta_R2_Percent,13.642683523795995,,,,13.642683523795995,,,13.642683523795995,"Panel d uses max(delta_RF, delta_LGBM) by feature, validation strategy and aggregation scale, clipped at zero."
d,radar_feature_contribution,Non-negative feature-domain marginal contribution for radar plots.,,,Temporal_CV,Temporal Generalization,7day,7d,3.0,Baseline+Aggregated,Aggregated,2,Radar_Delta_R2_Percent,11.938097294616501,,,,11.938097294616501,,,11.938097294616501,"Panel d uses max(delta_RF, delta_LGBM) by feature, validation strategy and aggregation scale, clipped at zero."
d,radar_feature_contribution,Non-negative feature-domain marginal contribution for radar plots.,,,Temporal_CV,Temporal Generalization,7day,7d,3.0,Baseline+Emission,Emission,3,Radar_Delta_R2_Percent,10.9272560019825,,,,10.9272560019825,,,10.9272560019825,"Panel d uses max(delta_RF, delta_LGBM) by feature, validation strategy and aggregation scale, clipped at zero."
d,radar_feature_contribution,Non-negative feature-domain marginal contribution for radar plots.,,,Temporal_CV,Temporal Generalization,7day,7d,3.0,Baseline+Temp,Temporal,4,Radar_Delta_R2_Percent,3.741679236756301,,,,3.741679236756301,,,3.741679236756301,"Panel d uses max(delta_RF, delta_LGBM) by feature, validation strategy and aggregation scale, clipped at zero."
d,radar_feature_contribution,Non-negative feature-domain marginal contribution for radar plots.,,,Temporal_CV,Temporal Generalization,7day,7d,3.0,Baseline+Topo,Topology,5,Radar_Delta_R2_Percent,8.955730998133603,,,,8.955730998133603,,,8.955730998133603,"Panel d uses max(delta_RF, delta_LGBM) by feature, validation strategy and aggregation scale, clipped at zero."
d,radar_feature_contribution,Non-negative feature-domain marginal contribution for radar plots.,,,Temporal_CV,Temporal Generalization,7day,7d,3.0,Baseline+UCP,UCP,6,Radar_Delta_R2_Percent,9.6563362841386,,,,9.6563362841386,,,9.6563362841386,"Panel d uses max(delta_RF, delta_LGBM) by feature, validation strategy and aggregation scale, clipped at zero."
d,radar_feature_contribution,Non-negative feature-domain marginal contribution for radar plots.,,,Temporal_CV,Temporal Generalization,7day,7d,3.0,Baseline+Landuse,Land Use,7,Radar_Delta_R2_Percent,9.652515423248298,,,,9.652515423248298,,,9.652515423248298,"Panel d uses max(delta_RF, delta_LGBM) by feature, validation strategy and aggregation scale, clipped at zero."
d,radar_feature_contribution,Non-negative feature-domain marginal contribution for radar plots.,,,Temporal_CV,Temporal Generalization,7day,7d,3.0,Baseline+POI,POI,8,Radar_Delta_R2_Percent,4.398076227088099,,,,4.398076227088099,,,4.398076227088099,"Panel d uses max(delta_RF, delta_LGBM) by feature, validation strategy and aggregation scale, clipped at zero."
d,radar_feature_contribution,Non-negative feature-domain marginal contribution for radar plots.,,,Temporal_CV,Temporal Generalization,31day,31d,4.0,Baseline+Buffer,Buffer,1,Radar_Delta_R2_Percent,27.683524818791494,,,,27.683524818791494,,,27.683524818791494,"Panel d uses max(delta_RF, delta_LGBM) by feature, validation strategy and aggregation scale, clipped at zero."
d,radar_feature_contribution,Non-negative feature-domain marginal contribution for radar plots.,,,Temporal_CV,Temporal Generalization,31day,31d,4.0,Baseline+Aggregated,Aggregated,2,Radar_Delta_R2_Percent,27.640571572852103,,,,27.640571572852103,,,27.640571572852103,"Panel d uses max(delta_RF, delta_LGBM) by feature, validation strategy and aggregation scale, clipped at zero."
d,radar_feature_contribution,Non-negative feature-domain marginal contribution for radar plots.,,,Temporal_CV,Temporal Generalization,31day,31d,4.0,Baseline+Emission,Emission,3,Radar_Delta_R2_Percent,11.315019298621998,,,,11.315019298621998,,,11.315019298621998,"Panel d uses max(delta_RF, delta_LGBM) by feature, validation strategy and aggregation scale, clipped at zero."
d,radar_feature_contribution,Non-negative feature-domain marginal contribution for radar plots.,,,Temporal_CV,Temporal Generalization,31day,31d,4.0,Baseline+Temp,Temporal,4,Radar_Delta_R2_Percent,12.074038700637502,,,,12.074038700637502,,,12.074038700637502,"Panel d uses max(delta_RF, delta_LGBM) by feature, validation strategy and aggregation scale, clipped at zero."
d,radar_feature_contribution,Non-negative feature-domain marginal contribution for radar plots.,,,Temporal_CV,Temporal Generalization,31day,31d,4.0,Baseline+Topo,Topology,5,Radar_Delta_R2_Percent,11.146441830485898,,,,11.146441830485898,,,11.146441830485898,"Panel d uses max(delta_RF, delta_LGBM) by feature, validation strategy and aggregation scale, clipped at zero."
d,radar_feature_contribution,Non-negative feature-domain marginal contribution for radar plots.,,,Temporal_CV,Temporal Generalization,31day,31d,4.0,Baseline+UCP,UCP,6,Radar_Delta_R2_Percent,9.705918680126402,,,,9.705918680126402,,,9.705918680126402,"Panel d uses max(delta_RF, delta_LGBM) by feature, validation strategy and aggregation scale, clipped at zero."
d,radar_feature_contribution,Non-negative feature-domain marginal contribution for radar plots.,,,Temporal_CV,Temporal Generalization,31day,31d,4.0,Baseline+Landuse,Land Use,7,Radar_Delta_R2_Percent,9.6107048420075,,,,9.6107048420075,,,9.6107048420075,"Panel d uses max(delta_RF, delta_LGBM) by feature, validation strategy and aggregation scale, clipped at zero."
d,radar_feature_contribution,Non-negative feature-domain marginal contribution for radar plots.,,,Temporal_CV,Temporal Generalization,31day,31d,4.0,Baseline+POI,POI,8,Radar_Delta_R2_Percent,9.449295566217696,,,,9.449295566217696,,,9.449295566217696,"Panel d uses max(delta_RF, delta_LGBM) by feature, validation strategy and aggregation scale, clipped at zero."
